title,created,score,comments
Elections and Politics,2024-10-27 12:13:33,28,17
r/MentalHealth is looking for moderators,2024-07-13 12:25:58,21,27
"Is it really depression, or are we just finally realizing life in this system is soul crushing?",2025-06-19 12:29:04,74,26
Which mental health buzzword do you think is way overused or misunderstood?,2025-06-19 11:22:20,75,56
Mental health destoyed my sex life,2025-06-19 16:42:16,23,14
Have you ever lost a friend because of your mental health?,2025-06-19 09:41:06,77,83
Im scared that im gonna become a pedophile,2025-06-19 17:56:14,8,17
Are people more arrogant now than they used to be?,2025-06-19 18:54:24,9,10
Stop Judging People Struggling With Substance Abuse,2025-06-19 07:46:01,50,35
Do you think people actually suffering from clinical mental health issues come of more sane than normal people?,2025-06-19 18:42:35,6,4
I'm so jealous of people who are mentally stable,2025-06-19 08:23:11,37,13
Whatâ€™s one change you made that seriously improved your mental health?,2025-06-19 01:02:40,127,60
What is something small you do to help yourself feel more grounded?,2025-06-19 17:24:20,6,12
I need someone to talk to as soon as possible,2025-06-19 19:53:54,3,4
How do you heal from having an emotional distant mother?,2025-06-19 17:04:10,5,3
I hate life.,2025-06-19 17:55:34,4,2
"Dissociation, Derealization or Brain Fog?",2025-06-19 19:05:51,3,0
Im straining my brain into bits,2025-06-19 18:51:33,3,2
My suicidal thoughts grow bigger.,2025-06-19 16:59:42,4,10
idk what to do im just tired.,2025-06-19 16:50:22,4,2
Iâ€™m too exhausted with my mental health to explain it in words,2025-06-19 18:20:13,3,1
How do I stop face tension?,2025-06-19 20:27:17,2,0
"Unable to stand up & defend myself, feelings humiliated & worthless",2025-06-19 16:33:21,4,3
Iâ€™ve been battling depression since I was 16 (Iâ€™m 34F). Trying to figure out my life since I was 25. Iâ€™m tired and am not sure I see the point anymore.,2025-06-19 17:22:06,3,1
I feel like my brain is 'shutting down',2025-06-19 17:04:04,3,0
Burnt myself out playing games,2025-06-19 17:00:46,3,1
"Hello, first time here",2025-06-19 16:49:23,3,3
I'm getting a second job and it terrifies me,2025-06-19 18:40:48,2,1
"I am 25 years old and I hate my life & myself. I have tried so many times to change and improve, I've tried so many times to change myself, that I have no hope anymore at ever changing. Why keep going?",2025-06-19 18:37:26,2,2
Why did I have to be born in a place where I'm the only person capable of empathy?,2025-06-19 18:32:31,2,2
I feel like unaliving myself after every inconvenience,2025-06-19 18:08:55,2,1
Why am I so slow at understanding things ?,2025-06-19 15:55:23,3,6
If your mental health is keeping you up check this sub!,2025-06-19 08:38:17,11,4
Why Iâ€™m depressed,2025-06-19 13:54:31,5,2
I just want to stop the feeling,2025-06-19 17:40:11,2,1
"My husband has been having serious paranoid delusions. He thinks Iâ€™m drugging him. Heâ€™s been gone for 5 days, I donâ€™t know where he is. I donâ€™t know how to help him",2025-06-18 23:46:39,53,49
Panic Attacks ðŸ˜•,2025-06-19 13:16:53,5,7
I was tired of pretending I was fine... this one thing finally made me feel human again.,2025-06-19 11:02:21,7,0
life slipping away,2025-06-19 20:38:32,1,0
How do you control THC vape pen usage?,2025-06-19 20:28:47,1,0
"Never smoked or drunk, but i feel an urge suddenly",2025-06-19 20:28:39,1,1
"To not hurt someone back who hurt you feels very weak, but is actually very strong.",2025-06-19 16:38:54,2,2
Is this OCD or something more?,2025-06-19 20:22:29,1,0
Having everything but feeling nothing,2025-06-19 20:20:47,1,0
had an episode,2025-06-19 20:08:57,1,0
what actually is a support network and how are you supposed to create it???,2025-06-19 20:08:06,1,0
Realizing how Traumatizing my Father was.,2025-06-19 20:03:03,1,1
Took everyone's advice and saw a doctor,2025-06-19 19:59:38,0,4
I need help,2025-06-19 14:01:41,3,2
Procrastination. How do you handle it and would you mind share you experience on an interview?,2025-06-19 19:52:57,1,0
I feel like my life is falling apart,2025-06-19 19:48:57,1,1
"Well you know what, I am okay.",2025-06-19 19:47:58,1,0
Anyone here had experience with virtual therapy? Looking for honest thoughts,2025-06-19 09:03:19,6,2
Did you ever get support for MD(maladaptive daydreaming)?,2025-06-19 19:36:43,1,0
My girlfriend is clearly crashing. I dont know what to do when I am aswell.,2025-06-19 19:33:51,0,3
Is this just teenage jealousy / puberty or something more serious?,2025-06-19 19:31:48,1,0
All these news about war makes me feel scared,2025-06-19 19:29:34,1,0
Burnt Out â€” Thinking About FMLA or Leaving?,2025-06-19 19:25:37,1,0
I dont know what to do,2025-06-19 19:21:20,1,0
Need help (Anxiety issues?),2025-06-19 19:20:17,1,0
Whatâ€™s The First Step?,2025-06-19 15:31:59,2,2
Every sort of rejection feels like the end of the world (losing face over and over),2025-06-19 15:08:49,2,1
First time Anxiety advice needed,2025-06-19 18:50:49,1,0
Iâ€™ve had like 4 breakdowns today,2025-06-19 15:05:03,2,2
Relief after cussing,2025-06-19 18:47:07,1,1
"Experiencing emotional detachment, memory doubts, and mental disorientation â€” is this anxiety, dissociation, or something else?",2025-06-19 18:44:52,1,1
"Got out of hospital recently, feel worse and donâ€™t know what to do?",2025-06-19 18:42:51,1,1
Helplessness,2025-06-19 18:28:33,1,2
"Everything is falling apart, and I don't know what to do. Any advice appreciated",2025-06-19 14:39:19,2,2
How do i stop this cycle,2025-06-19 18:24:34,1,1
Iâ€™m breaking. Iâ€™m crying while typing this and I donâ€™t know how to stop,2025-06-18 19:15:18,70,54
I need some advice,2025-06-19 18:18:56,1,1
Whatâ€™s the hardest partâ€”mentallyâ€”about watching todayâ€™s wars unfold?,2025-06-19 18:18:30,1,2
Mental Health,2025-06-19 18:17:25,1,0
how do i let go,2025-06-19 18:07:41,1,1
Social anxiety is growing worse with practice.,2025-06-19 18:07:37,1,1
Lost myself completely for someone else,2025-06-19 17:50:47,1,2
I could talk for hours just to be understood. Hope i find someone here .,2025-06-19 11:52:09,3,6
my head physically hurts from all the thinking,2025-06-19 17:49:20,1,0
mommy issues??,2025-06-19 17:49:10,1,0
What do i do????,2025-06-19 17:44:07,1,0
Rant about being banned from r/depression,2025-06-18 19:49:20,54,63
I BOUGHT 3 CARS IN 1 DAYâ€¦ STILL FELT EMPTY,2025-06-19 17:26:09,0,0
I watch gore for the wrong reason,2025-06-19 03:28:56,14,15
Idk what to do anymore (PTSD),2025-06-19 17:14:19,1,0
"Looking to interview people who've struggled with gambling/gaming/screen time, offering $10 for a quick 10 minute call â€” trying to build something that actually helps.",2025-06-19 17:12:14,1,0
Difficult relationship with my mother,2025-06-19 17:12:12,1,0
Clarity is underrated,2025-06-19 13:22:56,2,0
Why do I constantly cry when I feel I have annoyed someone,2025-06-19 07:22:48,7,0
need to speak to someone without judgement,2025-06-19 13:20:14,2,1
What to pack for clinic admission?,2025-06-19 17:05:58,1,0
Even now I m not the same.,2025-06-19 13:18:26,2,0
Surreal experience,2025-06-19 16:56:52,1,0
maybe i did deserve it,2025-06-19 09:18:06,5,8
"Deep rooting of memories, thoughts, experiences",2025-06-19 16:35:23,1,0
Toxic father.,2025-06-19 16:33:34,1,0
I just had the best therapy session ever and I need to talk about it because itâ€™s made everything better,2025-06-19 16:33:11,1,0
Why do I say the opposite of what I mean?,2025-06-19 16:26:41,1,0
Help and Shame,2025-06-19 16:24:40,1,1
Retching after meals,2025-06-19 16:19:57,1,0
